{
  "scenario": "2",
  "num_physical_drones": 50,
  "total_missions": 259,
  "total_drone_entities": 259,
  "mean_xtm_delay_s": 0.0,
  "mean_ideal_distance_m": 6934.8938172995195,
  "delays": [
    0,
    0,
    0,
    0,
    0,
    0,
    0,
    0,
    0,
    0,
    0,
    0,
    0,
    0,
    0,
    0,
    0,
    0,
    0,
    0,
    0,
    0,
    0,
    0,
    0,
    0,
    0,
    0,
    0,
    0,
    0,
    0,
    0,
    0,
    0,
    0,
    0,
    0,
    0,
    0,
    0,
    0,
    0,
    0,
    0,
    0,
    0,
    0,
    0,
    0,
    0,
    0,
    0,
    0,
    0,
    0,
    0,
    0,
    0,
    0,
    0,
    0,
    0,
    0,
    0,
    0,
    0,
    0,
    0,
    0,
    0,
    0,
    0,
    0,
    0,
    0,
    0,
    0,
    0,
    0,
    0,
    0,
    0,
    0,
    0,
    0,
    0,
    0,
    0,
    0,
    0,
    0,
    0,
    0,
    0,
    0,
    0,
    0,
    0,
    0,
    0,
    0,
    0,
    0,
    0,
    0,
    0,
    0,
    0,
    0,
    0,
    0,
    0,
    0,
    0,
    0,
    0,
    0,
    0,
    0,
    0,
    0,
    0,
    0,
    0,
    0,
    0,
    0,
    0,
    0,
    0,
    0,
    0,
    0,
    0,
    0,
    0,
    0,
    0,
    0,
    0,
    0,
    0,
    0,
    0,
    0,
    0,
    0,
    0,
    0,
    0,
    0,
    0,
    0,
    0,
    0,
    0,
    0,
    0,
    0,
    0,
    0,
    0,
    0,
    0,
    0,
    0,
    0,
    0,
    0,
    0,
    0,
    0,
    0,
    0,
    0,
    0,
    0,
    0,
    0,
    0,
    0,
    0,
    0,
    0,
    0,
    0,
    0,
    0,
    0,
    0,
    0,
    0,
    0,
    0,
    0,
    0,
    0,
    0,
    0,
    0,
    0,
    0,
    0,
    0,
    0,
    0,
    0,
    0,
    0,
    0,
    0,
    0,
    0,
    0,
    0,
    0,
    0,
    0,
    0,
    0,
    0,
    0,
    0,
    0,
    0,
    0,
    0,
    0,
    0,
    0,
    0,
    0,
    0,
    0,
    0,
    0,
    0,
    0,
    0,
    0,
    0,
    0,
    0,
    0,
    0,
    0,
    0,
    0,
    0,
    0,
    0,
    0,
    0,
    0,
    0,
    0,
    0,
    0
  ],
  "ideal_distances": [
    10884.764205218013,
    5195.309008303132,
    3265.254171667214,
    1409.338457687444,
    6034.863109562957,
    9602.45519204622,
    1071.3039321661158,
    9824.180062580916,
    9702.881411042516,
    4077.7971545841838,
    8786.49791471525,
    5192.642335253966,
    2807.5183040972333,
    11827.871060218737,
    4403.959613822765,
    1710.5695023933308,
    6398.300996624201,
    7724.140163164736,
    6118.009485573657,
    8307.5825836157,
    8037.435341565357,
    2932.961446619123,
    7980.703555183694,
    2587.7915282283248,
    8122.710118307737,
    1755.4095349089582,
    4519.868276369275,
    6800.440783656732,
    11809.390950289773,
    7068.3462740768355,
    10941.176105570185,
    5380.471509786308,
    7718.598036942632,
    5212.462239513879,
    4528.91914991039,
    9174.194137899412,
    5883.98090101189,
    6894.522141028117,
    8828.560189685186,
    4222.271219104156,
    3505.8737506602,
    9145.159770899074,
    11703.815605275755,
    10366.166510411585,
    10966.08591986578,
    7041.771262974111,
    8888.417217706372,
    2159.774568809146,
    10711.408589668345,
    10670.044344201264,
    2895.951343898904,
    7224.564195217276,
    2061.037330181424,
    4959.26970847532,
    4932.7603657766,
    3554.8247885545125,
    11627.99850427193,
    5965.190190737261,
    4052.5581173434953,
    9088.09758974353,
    10212.468974319112,
    9725.098638059215,
    8809.217794111835,
    4457.1524506942715,
    7920.449272728219,
    4214.880198649434,
    9214.349467727354,
    2740.4567688591246,
    10223.165589260943,
    9006.391827043924,
    5245.940489687016,
    10296.346738414,
    7895.981092439207,
    11108.895561008381,
    5793.315977767038,
    10468.435148590614,
    7698.989856898459,
    9281.943881207471,
    11391.155783320432,
    6323.013744790612,
    5810.452283311233,
    10178.589572447827,
    5389.764973541256,
    9559.74181496018,
    7844.131683461856,
    3895.8606000105774,
    6652.633670239629,
    1226.1131568008732,
    8835.893978988663,
    7237.530761414762,
    11874.651773980146,
    2094.109877953301,
    2193.5765734061224,
    9054.538844718007,
    4577.692387698616,
    10656.484098859253,
    7001.7159618208825,
    7006.201185400895,
    11183.943500504094,
    4718.7712101454235,
    6185.933963831492,
    8081.312560717783,
    3886.677784778571,
    7346.403758759641,
    11265.813988810163,
    4629.686784073022,
    10493.74398230165,
    7607.708084821968,
    11682.2211780768,
    4288.809162282636,
    4590.921831140362,
    1596.1932250739878,
    6023.344326893146,
    6415.400078064459,
    5198.869075350362,
    11272.526662246713,
    11519.634835275208,
    10697.732843482165,
    8923.360564175737,
    2857.4907496595815,
    7578.536796607249,
    7294.026415845369,
    8138.260041225413,
    3278.8129817505855,
    4785.044832859099,
    3572.059222340362,
    7890.505513981384,
    7757.677871882498,
    6660.444717377656,
    2833.544130555571,
    1201.3685194797797,
    5857.055981052331,
    5652.309010526423,
    7517.005153586777,
    7879.6739798182525,
    4842.2626070443275,
    10972.539951245502,
    7776.627630146667,
    5274.308639497496,
    10319.15396691854,
    8323.051269871221,
    4024.584417196343,
    8496.98964944835,
    8363.205879317456,
    5473.763849708448,
    7813.279795172671,
    10758.603010602199,
    5937.4311940999105,
    8423.840324423767,
    8097.589479426579,
    1951.8254218295942,
    10463.61839114008,
    8729.95588200742,
    10612.410180222092,
    10954.731651915492,
    6033.29739188393,
    11553.063194798759,
    3978.8994444361188,
    8441.438208155094,
    9888.765199582065,
    10407.475440129145,
    6390.7417335067275,
    11352.11142668091,
    5306.835872503411,
    9706.74270156108,
    4493.553785101224,
    2479.61987130057,
    8040.529561233408,
    1907.4437352518723,
    8670.820330926408,
    6054.100181828279,
    11030.912048081562,
    5380.081839335835,
    9569.184742312405,
    5883.218107047004,
    9282.055435245822,
    8152.913249543388,
    3894.7043482976974,
    5552.307201533959,
    1221.1136014882613,
    8060.519025176468,
    5793.160066846207,
    4981.978259040979,
    7397.1166088762,
    11134.210131843582,
    7699.570034958074,
    4821.7575574763705,
    4965.129254823588,
    5750.731270103248,
    8640.949314741294,
    3810.2182661295305,
    5749.637309270265,
    3393.7727481074503,
    7958.509395170402,
    4756.79575734648,
    5409.180027848751,
    10720.76865475361,
    4985.2835603000785,
    8875.05850650071,
    2541.894112340147,
    10653.501091264228,
    3693.7391331392582,
    3572.3866391751067,
    7368.238580161979,
    5928.891380585656,
    7662.9685915434875,
    7169.024685731592,
    3668.4966856730757,
    11190.789673127281,
    5289.689497591795,
    7020.154708739516,
    1334.8332887240008,
    5400.963838321975,
    7906.833985908705,
    10544.152216349545,
    7190.218906255142,
    8688.712695359325,
    6373.614012300154,
    6318.89604847609,
    5629.640437005318,
    3287.0585585606655,
    8170.202542389453,
    9008.45408093944,
    2104.3724192593863,
    9358.464563872534,
    4111.314019137681,
    7723.554142948671,
    4854.523374657359,
    3985.2145030561305,
    2307.9314221993577,
    10726.166189826932,
    9440.797485954596,
    4504.267194068133,
    10873.669195109038,
    5194.945190951255,
    11382.372353693787,
    8397.179076371014,
    11187.901852091989,
    2888.9910627867193,
    4297.943797023543,
    8871.404451021517,
    10921.33805956124,
    8682.529583380472,
    6755.1134444719855,
    2736.711114229551,
    8885.306110137755,
    7335.087318116536,
    9780.707357266776,
    10403.072840348761,
    4632.420065226035,
    8869.986014914772,
    9781.750132193421,
    6228.107970138997,
    4631.384963616799,
    7026.592579859275,
    6354.698143771498,
    5309.405556748912,
