{
  "created_utc": "20260322_180945",
  "best_J": 21.47813623876042,
  "best_genome": {
    "evasion_offset_m": 169.04863788938653,
    "evasion_duration_s": 3.9268197387606762,
    "heading_blend": 0.3657597138442277,
    "track_mix": 0.4382410466854978,
    "cpp_distance_filter_m": 45.50758397943468,
    "cpp_lookahead_s": 129.570639051947,
    "cpp_horizontal_nmac_m": 29.025397559593664,
    "daa_interval_s": 0.4915892917321246,
    "min_alert_level": 2.0,
    "max_cross_track_m": 438.74346715768974,
    "final_approach_no_reactive_radius_m": 178.91405284545448
  }
}