{
    "num_drones_simulated": 100,
    "total_unique_collision_pairs": 0,
    "total_distance_m": 369196.34452006774,
    "average_flight_time_s": 4832.015,
    "frame_count": 1665,
    "mode": "None",
    "num_drones": 100,
    "sim_duration_s": 10800.0,
    "scenario_generation_time_s": 0.004864692687988281,
    "simulation_wall_time_s": 36.717527866363525
}