{
    "num_drones_simulated": 1600,
    "total_unique_collision_pairs": 333,
    "total_distance_m": 6096358.8837326495,
    "average_flight_time_s": 5340.823418910457,
    "frame_count": 308325,
    "mode": "None",
    "num_drones": 1600,
    "sim_duration_s": 10800.0,
    "scenario_generation_time_s": 0.019067764282226562,
    "simulation_wall_time_s": 9463.910259485245
}